company,year,quarter,sentiment_score,price_return,aligned
BAM,2022,Q4,0.7273692573819842,0.010461718696023258,True
BAM,2023,Q3,0.676492149179632,0.26319015190758577,True
BAM,2023,Q4,0.7686027407646179,0.5488101221158301,True
BAM,2022,Q3,0.7982394439833504,-0.10406245167697291,False
BAM,2024,Q1,0.7910227179527283,-0.08395008684558843,False
BAM,2023,Q2,0.822585920492808,0.0288026017016159,True
BAM,2024,Q2,0.7803246162154458,0.270979803060196,True
BAM,2023,Q1,0.8153629153966904,0.018305325292212783,True
Bank of America,2022,Q3,0.3775981068611145,0.07152229482129917,False
Bank of America,2018,Q4,0.6168320218722025,-0.055494929838979884,False
Bank of America,2018,Q1,0.5403730869293213,-0.034282676353281555,False
Bank of America,2020,Q1,-0.05181110302607218,0.191356616717319,False
Bank of America,2021,Q3,0.5698977666241782,0.03863332707289762,True
Bank of America,2022,Q4,0.4707365759781429,-0.36884449949690395,True
Bank of America,2024,Q1,0.5654885383213267,0.06641479035968594,True
Bank of America,2019,Q3,0.47771973793323225,0.24268275512458565,False
Bank of America,2024,Q2,0.5605575396464422,-0.008825981344193514,False
Bank of America,2021,Q1,0.3250436882177989,0.03981060870894969,False
Bank of America,2021,Q2,0.001061175878231342,0.04214498422243883,False
Bank of America,2018,Q2,0.5907629867394765,0.04676098143493717,True
Bank of America,2023,Q1,0.17894256114959717,0.01044747359231235,False
Bank of America,2019,Q4,0.49767713993787766,-0.09113584922670497,True
Bank of America,2023,Q2,0.056759558618068695,-0.054514812043421595,True
Bank of America,2017,Q4,0.2811180464923382,0.35722054891450683,False
Bank of America,2022,Q2,0.45160251217229025,-0.02211629564180936,True
Bank of America,2020,Q2,0.017260533003580002,0.02904458296060184,False
Bank of America,2020,Q3,-0.020616848021745682,0.2517364269253914,False
Bank of America,2019,Q1,0.0005692879358927409,0.02160803315330997,False
Bank of America,2021,Q4,0.37617480258146924,0.4666030116216584,False
Bank of America,2023,Q4,-0.13174282709757487,0.17505596616330663,False
Bank of America,2023,Q3,0.3079880177974701,0.27111354099467416,False
Bank of America,2022,Q1,0.09778723120689392,-0.21654026365454263,True
Bank of America,2020,Q4,0.0508108797826265,0.12891477342453753,False
Bank of America,2018,Q3,0.4188460655072156,-0.17280572056730809,True
Bank of America,2019,Q2,0.5713844469615391,0.00419592641463432,True
Cisco,2019,Q3,0.8121146559715271,0.004408212560386473,True
Cisco,2020,Q1,-0.14029215648770332,0.21543297040303333,False
Cisco,2023,Q4,0.7230266588074821,0.08135484523540262,True
Cisco,2021,Q3,0.746473851799965,0.1615845954291559,True
Cisco,2021,Q2,0.6479594165628607,0.04541177569334537,True
Cisco,2022,Q4,0.006476789712905884,-0.1534492915004107,True
Cisco,2019,Q2,0.769087940454483,-0.10215168655629979,False
Cisco,2018,Q2,0.7532491343361991,0.14527365795622257,True
Cisco,2018,Q4,0.3693864941596985,0.44265676871799575,False
Cisco,2024,Q3,0.3788554583277021,0.1308750657835673,False
Cisco,2019,Q1,0.6849854929106576,0.001755629814825061,True
Cisco,2024,Q4,0.7692434072494507,0.2526081151710541,True
Cisco,2020,Q4,0.05237148489270892,0.10676309590585119,False
Cisco,2021,Q1,-0.20224254131317138,0.025188753839205675,False
Cisco,2022,Q3,0.30415835976600647,0.16450748587232011,False
Cisco,2022,Q1,0.5535872081915537,-0.22433265750846035,False
Cisco,2020,Q3,0.2714580808367048,0.14639194825166,False
Cisco,2019,Q4,0.04063519409724644,-0.027615125823892365,True
Cisco,2024,Q1,0.8427535990873972,-0.04280265430085613,False
Cisco,2021,Q4,0.8831045106053352,0.3095237639076429,True
Cisco,2020,Q2,-0.1620834767818451,-0.14529562131639687,True
Cisco,2022,Q2,0.7809624969959259,-0.039081098214420476,False
Cisco,2018,Q1,0.529357271535056,0.05769154406478647,True
Cisco,2024,Q2,0.38292039185762405,0.12529933100593404,False
Cisco,2023,Q1,0.13385272567922418,-0.013675084719378285,True
Cisco,2023,Q3,0.6078549708638873,-0.06444449671387074,False
Cisco,2023,Q2,0.3703777383674275,0.045304223044296425,False
Costco,2022,Q3,0.09881169597307841,-0.04271425716255583,True
Costco,2019,Q4,0.8194167017936707,0.4387538792492213,True
Costco,2020,Q3,-0.05942884460091591,0.07402975930213604,False
Costco,2018,Q3,0.08595484495162964,-0.1369264438195579,True
Costco,2024,Q4,0.5934129516283672,0.43874952466772393,True
Costco,2021,Q4,0.49192341789603233,0.5303150129195295,False
Costco,2022,Q4,0.35661453753709793,-0.1254267410172545,True
Costco,2021,Q1,0.4657681733369827,0.1259489093016917,False
Costco,2020,Q2,-0.20174659623040092,0.15798995955256515,False
Costco,2023,Q3,-0.6508744905392329,0.18382212735333794,False
Costco,2020,Q4,0.24782366553942362,0.2442077666156793,False
Costco,2018,Q2,0.011904112994670868,0.13208833777128892,False
Costco,2018,Q4,0.20880417823791503,0.3027906092631918,False
Costco,2019,Q2,0.19075095227786473,0.0873932541441158,False
Costco,2021,Q2,-0.14825504687097338,0.1472812729399829,False
Costco,2019,Q3,0.4249970217545827,0.04173974255547506,False
Costco,2023,Q1,-0.3090602345764637,0.07196516210791329,False
Costco,2024,Q1,0.5497614294290543,0.18040348967002973,True
Costco,2019,Q1,-0.13191395004590353,0.08511271583433394,False
Costco,2020,Q1,0.3365820273756981,0.054045025524154564,False
Costco,2023,Q4,0.2525586485862732,0.6680067275752007,False
Costco,2022,Q1,0.4235573642783695,-0.18236801759490684,True
Costco,2023,Q2,-0.3115553600447519,0.04618397265697837,False
Costco,2024,Q3,0.5583793967962265,0.0524920324744034,True
Costco,2024,Q2,0.4733172721332974,0.048731559737480716,False
Costco,2021,Q3,0.145975348022249,0.25983589828028386,False
Costco,2022,Q2,0.5344095329443613,-0.012255405542049546,False
Compass Group,2019,Q3,0.41543882340192795,-0.08104200694005465,True
Compass Group,2023,Q2,0.8958553791046142,-0.0804597934851561,False
Compass Group,2021,Q3,0.7863676905632019,0.0532564030160729,True
Compass Group,2022,Q1,0.5849946737289429,0.06544504812312277,True
Compass Group,2019,Q1,0.4996124655008316,0.06598291098113343,False
Compass Group,2020,Q3,0.3851189414660136,0.19178064301646858,False
Compass Group,2021,Q1,0.6311783740917841,-0.0010032492810706213,False
Compass Group,2020,Q1,0.8509527742862701,-0.03703691786660861,False
Compass Group,2018,Q3,0.7956596851348877,-0.03948512837389417,False
Compass Group,2023,Q3,0.7985890805721283,0.07541964635667515,True
Compass Group,2021,Q4,0.4397386560837428,0.22990460035272675,False
Compass Group,2022,Q2,0.88670614361763,0.04687500925710338,True
META,2021,Q2,0.8040553092956543,-0.041705468472682805,False
META,2020,Q3,0.444586917757988,0.019652542005310015,False
META,2018,Q4,0.8415367007255554,-0.08119275433916727,False
META,2023,Q1,0.4072055295109749,0.32130261149218814,False
META,2019,Q3,0.21381187438964844,0.16267605584522551,False
META,2020,Q2,0.14945836067199708,0.10204185213588421,False
META,2023,Q3,0.41582174386296955,0.15364045954151107,False
META,2020,Q4,0.5094690918922424,0.3728667216866917,True
META,2019,Q1,-0.004331082105636597,0.14404288778402086,False
META,2019,Q2,0.8703527847925822,-0.08238335701733598,False
META,2018,Q2,-0.1276540756225586,-0.1667005104462735,True
META,2022,Q1,0.38697677850723267,-0.27089168534751856,True
META,2021,Q3,0.34499882800238474,0.003935623313566894,False
META,2023,Q2,0.31532229696001324,0.04961175155755861,False
META,2018,Q3,0.661628246307373,-0.18000501383253534,False
META,2018,Q1,0.6585088074207306,0.2505308111974788,True
META,2017,Q4,0.7520594447851181,0.36736266606833484,True
META,2020,Q1,-0.0030638352036476135,0.3824559493279361,False
META,2021,Q1,0.4755378127098083,0.17822971077379882,False
META,2024,Q1,0.73520987033844,0.027211862725339563,True
META,2022,Q3,0.26278526584307355,-0.13180875323719152,True
META,2021,Q4,0.37511605620384214,-0.15278483340473462,True
META,2019,Q4,0.8182915896177292,0.2230982840834258,True
META,2024,Q2,0.7519156634807587,0.12526996671087173,True
META,2022,Q2,-0.16052481532096863,-0.14759720870446308,True
META,2023,Q4,0.2559341132640839,2.8968671756598536,False
META,2022,Q4,-0.06760081648826599,-0.386069678273716,True
BMW,2022,Q1,0.4923983231186867,0.014846129274271164,False
BMW,2023,Q1,0.4664636790752411,0.19602774902373246,False
BMW,2024,Q1,0.383803129196167,-0.11999592166583692,True
BMW,2022,Q4,0.6796256740887959,0.18599826514551746,True
BMW,2018,Q1,0.24778934319814047,-0.08539400390569259,True
BMW,2023,Q2,0.6390414126217365,-0.14099823379721044,False
BMW,2021,Q3,0.777126157283783,0.05558856310908684,True
BMW,2018,Q3,0.774678868552049,-0.09521363893214144,False
BMW,2020,Q2,0.30767313539981844,0.10320283126641328,False
BMW,2022,Q3,0.4703878164291382,0.17884901297643074,False
BMW,2018,Q2,0.7178052928712633,-0.0002574128458498176,False
BMW,2019,Q1,0.6560250040557649,-0.016842004929635866,False
BMW,2019,Q2,0.7762751440207164,-0.018586718920461515,False
BMW,2019,Q3,0.7627573738927427,0.13606716308914046,True
BMW,2017,Q4,0.6084747795875256,0.019237465250416117,True
BMW,2020,Q3,0.4525582930620979,0.15272918966255483,False
BMW,2020,Q1,-0.36100964483461884,0.3493352498780506,False
BMW,2021,Q1,0.8473296880722045,0.0528894116991632,True
BMW,2023,Q3,0.4197644974504198,0.047935863884302106,False
UnitedHealth,2023,Q4,0.8426512054034642,-0.027982216340215724,False
UnitedHealth,2022,Q4,0.8071299024990627,-0.048786262122311866,False
UnitedHealth,2019,Q4,0.6465010859749534,0.053991238913992476,True
UnitedHealth,2022,Q2,0.8090799621173314,-0.0134779605400535,False
UnitedHealth,2020,Q2,0.35924437642097473,0.025772815156799148,False
UnitedHealth,2024,Q2,0.8587049709426032,0.18045732164384012,True
UnitedHealth,2022,Q1,0.7708777897059917,0.009674693518542875,True
UnitedHealth,2018,Q1,0.8694980964064598,0.133553533820838,True
UnitedHealth,2019,Q1,0.8011028658259999,-0.0018304554540898013,False
UnitedHealth,2024,Q1,0.5137333671251932,0.04435456754329196,True
UnitedHealth,2019,Q2,0.7846784353256225,-0.10865853588049033,False
UnitedHealth,2021,Q3,0.8254404783248901,0.28959371099243036,True
UnitedHealth,2023,Q1,0.7490752898156643,-0.03195972932874769,False
UnitedHealth,2017,Q4,0.7781888521634616,0.3499755283922297,True
UnitedHealth,2020,Q1,0.21118496656417846,0.22622560563480487,False
UnitedHealth,2021,Q1,0.7446109822818211,0.08850668090051106,True
UnitedHealth,2023,Q2,0.7170389824443393,0.059162755428003186,True
UnitedHealth,2021,Q2,0.7712727785110474,-0.00759331156304206,False
UnitedHealth,2018,Q3,0.7761313070853552,-0.08202585193829108,False
UnitedHealth,2018,Q2,0.8020708515093877,0.07862318629655875,True
UnitedHealth,2020,Q4,0.7453778359023008,0.3027579655344459,True
UnitedHealth,2018,Q4,0.7036185539685763,0.13741569419023947,True
UnitedHealth,2023,Q3,0.8454153112002781,0.026616321028771556,True
UnitedHealth,2019,Q3,0.7141705283096859,0.3580400635615071,True
UnitedHealth,2021,Q4,0.7612738966941833,0.5156102486670487,True
UnitedHealth,2020,Q3,0.44717663526535034,0.10592243552087938,False
UnitedHealth,2022,Q3,0.7126512378454208,0.03162769157771309,True
Nvidia,2007,Q1,0.525285005569458,0.4368683528004651,True
Nvidia,2022,Q2,0.6444936196009318,-0.1583259043702035,False
Nvidia,2020,Q3,0.14962944984436036,-0.03414481334854069,True
Nvidia,2022,Q3,0.7031990736722946,0.16829756410215316,True
Nvidia,2018,Q3,0.3757470761026655,-0.5376563880169476,True
Nvidia,2024,Q3,0.8001039368765694,0.17520906308841397,True
Nvidia,2020,Q2,-0.20819341391324997,0.3882166956571336,False
Nvidia,2021,Q2,0.4181077778339386,0.015268868686102466,False
Nvidia,2019,Q2,0.5207085609436035,0.03466352996182223,True
Nvidia,2025,Q1,0.771070808172226,0.43223750846948006,True
Nvidia,2023,Q4,0.10274725300925118,5.315077046034483,False
Nvidia,2018,Q4,0.7000801265239716,-0.09582852055174651,False
Nvidia,2019,Q4,-0.25444128683635164,0.9584987280515467,False
Nvidia,2020,Q4,0.43549829721450806,1.1503800998867795,False
Nvidia,2023,Q1,0.3359145075082779,0.4599042129613006,False
Nvidia,2024,Q4,0.8422784124101911,1.277677780544277,True
Nvidia,2022,Q4,0.7595741663660321,-0.08989534344109466,False
Nvidia,2021,Q3,0.535716325044632,0.4265559708665128,True
Nvidia,2023,Q3,0.6465972065925598,0.10594342624652751,True
Nvidia,2021,Q4,0.5669517091342381,1.1137685979345353,True
Nvidia,2025,Q2,0.8060880601406097,0.18630303633648582,True
Nvidia,2020,Q1,0.12359925678798131,0.5146584679996118,False
Nvidia,2023,Q2,0.06848682676042829,0.025689969097075077,False
Nvidia,2022,Q1,0.7597843036055565,-0.4180411364493148,False
Nvidia,2021,Q1,0.4580739736557007,0.4503113920358205,False
Nvidia,2024,Q1,0.6792129675547282,0.3672649466799151,True
Nvidia,2024,Q2,0.7627136968076229,-0.023247158215663963,False
Nvidia,2019,Q1,0.8434406995773316,-0.097995090900562,False
BKNG,2017,Q4,0.39448820882373387,0.4079806476516993,False
BKNG,2018,Q4,0.22503939867019654,-0.022322577006941166,True
BKNG,2020,Q2,-0.3785031199455261,0.008554177649291367,False
BKNG,2019,Q4,0.10942856470743816,-0.24015215892329758,True
BKNG,2021,Q1,0.1847480833530426,-0.08825739272550673,True
BKNG,2022,Q4,0.8825110367366246,0.06026607735183436,True
BKNG,2018,Q2,0.8201500943728856,-0.03122170357298723,False
BKNG,2020,Q3,-0.5671793520450592,0.26522419998011293,False
BKNG,2023,Q4,0.7271134932835897,0.7897581669645054,True
BKNG,2019,Q2,0.21182867884635925,0.024141155678445027,False
BKNG,2018,Q1,0.14187690615653992,-0.0018563389051245592,True
BKNG,2021,Q3,0.0004273255666097005,-0.024410931709962242,True
BKNG,2019,Q1,0.0704146424929301,0.06564227531113162,False
BKNG,2022,Q3,0.5166432791286044,0.20033597947645898,True
BKNG,2020,Q4,-0.1435832462527535,0.12547618505748967,False
BKNG,2024,Q2,0.7352647827221797,0.09603166434299296,True
BKNG,2022,Q2,0.7406511108080546,-0.05037407728025481,False
BKNG,2019,Q3,0.08388497432072957,0.03834115998098698,False
BKNG,2018,Q3,0.6225495561957359,-0.13743128372324448,False
BKNG,2023,Q2,0.8988357409834862,0.13347597713347806,True
BKNG,2021,Q4,0.4196856617927551,0.07574110870222782,False
BKNG,2022,Q1,0.2558475360274315,-0.23544781600103065,True
BKNG,2021,Q2,0.14006227254867554,0.07592693827233866,False
BKNG,2024,Q1,0.8142721404631933,0.11257024562441563,True
BKNG,2020,Q1,0.04499880834059282,0.25289598975665956,False
BKNG,2023,Q3,0.6623942393522996,0.1465723647338438,True
BKNG,2023,Q1,0.8013072826645591,-0.0034820242675140615,False
Allstate,2020,Q2,0.7770257762500218,-0.016165984158367133,False
Allstate,2018,Q1,0.5953445434570312,-0.021155935501426103,False
Allstate,2019,Q3,0.7777136166890463,0.04757326032801076,True
Allstate,2022,Q4,0.6289040283723311,-0.046219206432465854,False
Allstate,2024,Q2,0.6823553707864549,0.1790494651260283,True
Allstate,2024,Q1,0.8363385688174855,-0.06962197681195836,False
Allstate,2019,Q1,0.25690383712450665,0.07499370830392324,False
Allstate,2017,Q4,0.7075529640371149,0.3061470585057677,True
Allstate,2019,Q4,0.5115172028541565,0.18835173316836878,True
Allstate,2020,Q1,0.06521268401827131,0.11076658143052029,False
Allstate,2021,Q3,0.7899976422389349,-0.07208044123022686,False
Allstate,2018,Q2,0.5116583108901978,0.08163499776590687,True
Allstate,2023,Q2,0.8474849354137074,0.016634993010436288,True
Allstate,2021,Q2,0.6643067598342896,-0.020284947419074134,False
Allstate,2021,Q4,0.816187555139715,0.3428850937273392,True
Allstate,2023,Q1,0.7114999070763588,-0.03726343810967141,False
Allstate,2019,Q2,0.8150881614003863,0.05050005952005765,True
Allstate,2020,Q3,0.3957271985709667,0.17835189752314015,False
Allstate,2022,Q2,0.21471067667007446,-0.028309798644056514,True
Allstate,2018,Q3,0.6038927622139454,-0.16324626332406444,False
Allstate,2021,Q1,0.8072023093700409,0.12328017013923484,True
Allstate,2020,Q4,0.815947969754537,0.06841286709490807,True
Allstate,2023,Q3,0.7282956676049666,0.2703918580637721,True
Allstate,2023,Q4,0.6194931467374166,0.31205686222586004,True
Allstate,2022,Q1,0.6173220202326775,-0.09548200699531431,False
Allstate,2018,Q4,0.4432010310036795,-0.0525610712966624,True
Allstate,2022,Q3,0.2597257169810208,0.0638762359533487,False
Lululemon,2022,Q3,0.6326234117150307,0.09681615264764798,True
Lululemon,2021,Q1,0.7877184216465268,0.21785629502196655,True
Lululemon,2019,Q2,0.7948723868890242,0.05429288379077338,True
Lululemon,2021,Q3,0.7143833041191101,-0.006677112660100006,False
Lululemon,2024,Q1,0.7361795678734779,-0.2245586637040638,False
Lululemon,2022,Q4,0.7386610828913175,-0.07603984262139352,False
Lululemon,2018,Q1,0.7625012191442343,0.4306176610130581,True
Lululemon,2024,Q2,0.826684479202543,-0.07391843057523155,False
Lululemon,2019,Q3,0.8045835928483442,0.19793450052628528,True
Lululemon,2023,Q1,0.6229350467522939,0.007784474460134149,True
Lululemon,2022,Q2,0.7084378711879253,0.1398739298918386,True
Lululemon,2024,Q3,0.6320000325932222,0.44135849201824207,True
Lululemon,2019,Q4,0.7192409123693194,0.5722740562667699,True
Lululemon,2020,Q3,0.7917871922254562,0.0285295743573949,True
Lululemon,2019,Q1,0.8015174746513367,0.08875061661565192,True
Lululemon,2020,Q2,0.6825187977622537,0.048765532203550725,True
Lululemon,2020,Q4,0.691130217578676,0.3584525697253516,True
Lululemon,2018,Q3,0.8534700804286532,-0.24894826785273136,False
Lululemon,2021,Q4,0.7078133523464203,0.057575813363257226,True
Lululemon,2025,Q2,0.49520669877529144,-0.26929665397258895,True
Lululemon,2018,Q4,0.6684391479939222,1.0563432061339986,True
Lululemon,2018,Q2,0.8020001128315926,0.2949474111102295,True
Lululemon,2025,Q1,0.6090765655040741,-0.15953223842715572,False
Lululemon,2020,Q1,0.6549413616840656,0.604087226722156,True
Lululemon,2021,Q2,0.6809907051233145,0.12626633953043837,True
Lululemon,2017,Q4,0.8150429844856262,0.33313395334005996,True
Lululemon,2022,Q1,0.6529759306174058,-0.22986063273975327,False
JPM,2024,Q3,0.20445226430892943,0.1629955105155373,False
JPM,2020,Q2,-0.7977971136569977,0.03237336948776189,False
JPM,2020,Q3,0.7668889760971069,0.3047668976879553,True
JPM,2022,Q2,-0.6945138573646545,-0.06094635201790154,True
JPM,2021,Q3,0.017237186431884766,-0.04604222703950305,True
JPM,2023,Q4,0.4872763686709934,0.5359869819928207,False
JPM,2017,Q4,0.3424511104822159,0.2961729710381255,False
JPM,2019,Q2,0.5741031084741864,0.04286942890272047,True
JPM,2019,Q3,0,0.20935119589575804,False
JPM,2024,Q1,-0.1620885133743286,0.022619059498284494,False
JPM,2024,Q2,0.650832881530126,0.030257482368110804,True
JPM,2018,Q3,-0.27561859289805096,-0.1408982805922498,True
JPM,2021,Q1,0,0.00870374203802712,False
JPM,2019,Q4,0,-0.022875109139312587,True
JPM,2022,Q1,0,-0.14156616055551127,True
JPM,2023,Q3,0.3878389000892639,0.1918700029356404,False
JPM,2021,Q4,-0.4874354302883148,0.15144869348202905,False
JPM,2020,Q1,-0.9365521669387817,0.11387406263820155,False
JPM,2023,Q2,0.5509487837553024,-0.004051944231161412,False
JPM,2021,Q2,0,0.06255633107555278,False
JPM,2019,Q1,0.5423377056916555,0.07660063454243747,True
JPM,2022,Q4,-0.08810879077230181,-0.17257397267797556,True
JPM,2018,Q2,0.6659325957298279,0.07968393385203044,True
JPM,2018,Q4,0.19885058204332987,-0.03297687981404093,True
JPM,2018,Q1,0.6000346938769022,-0.0289438262662924,False
JPM,2023,Q1,-0.22066383361816405,0.11059941122815985,False
JPM,2022,Q3,-0.01378512978553772,0.2559155215234264,False
JPM,2020,Q4,0,0.1428366569930011,False
Accenture,2024,Q2,0.4555949966112773,0.16091118155520046,False
Accenture,2023,Q4,0.6525203958153725,0.3076395051698851,True
Accenture,2018,Q3,0.8403152748942375,-0.18680203773842494,False
Accenture,2019,Q3,0.7460719976160262,0.1156259013492236,True
Accenture,2019,Q1,0.8142429788907369,0.05660363342952737,True
Accenture,2024,Q4,0.8160317672623528,-0.10487610742287605,False
Accenture,2020,Q2,0.5887123942375183,0.048049691732190834,True
Accenture,2022,Q1,0.7812650601069132,-0.17612972199219687,False
Accenture,2023,Q1,0.5743466764688492,0.08291642244031605,True
Accenture,2021,Q1,0.6333692347009977,0.06828834876228056,True
Accenture,2020,Q4,0.3735918781974099,0.35136251596550083,False
Accenture,2022,Q3,0.7711786372320992,0.011841147983132284,True
Accenture,2021,Q3,0.7371380209922791,0.27765378693511744,True
Accenture,2021,Q4,0.7699585631489754,0.33951434104451916,True
Accenture,2024,Q3,0.6197737663984298,0.005525200848192417,True
Accenture,2023,Q2,0.4274149669541253,-0.008828561907246495,True
Accenture,2022,Q4,0.7746897265315056,-0.29351407067020874,False
Accenture,2022,Q2,0.7084280773997307,-0.0764699319721278,False
Accenture,2018,Q1,0.8515171334147453,0.11524268799865192,True
Accenture,2023,Q3,0.6372386574745178,0.14307859986566457,True
Accenture,2018,Q2,0.6770823172160557,0.042700698762989285,True
Accenture,2018,Q4,0.9015983939170837,0.16482191584685454,True
Accenture,2020,Q3,0.6102842158741422,0.14818591295622308,True
Accenture,2019,Q4,0.8520916476845741,0.22787632515075704,True
Accenture,2024,Q1,0.784315439787778,-0.10197012118440023,False
Accenture,2019,Q2,0.88318932056427,0.02413433211613563,True
Accenture,2020,Q1,0.7393084601922468,0.3814317059880564,True
Accenture,2021,Q2,0.7617634336153666,0.08147761647563176,True
Walmart,2024,Q1,0.6148623172193766,0.13240606958722098,True
Walmart,2025,Q2,0.8284912163561041,0.051717939282587194,True
Walmart,2022,Q4,0.8252104967832565,0.027073779092021476,True
Walmart,2023,Q3,0.5767973525957628,-0.011645777838875444,False
Walmart,2023,Q4,0.6703059077262878,0.2805532716870021,True
Walmart,2018,Q4,0.654432475566864,0.018177547152354923,True
Walmart,2018,Q1,0.7287639528512955,0.007475920074867693,True
Walmart,2019,Q3,0.6696555018424988,0.01769653956100459,True
Walmart,2019,Q4,0.7502561857302984,0.26465538647522235,True
Walmart,2024,Q3,0.6734477616846561,0.11690253735221824,True
Walmart,2022,Q1,0.7626507495130811,-0.18970143198206943,False
Walmart,2021,Q1,0.3371454864740372,0.01636335857404231,False
Walmart,2023,Q2,0.47273245240960804,0.014529338580518516,False
Walmart,2023,Q1,0.3363206485907237,0.04153674153844975,False
Walmart,2025,Q1,0.8034037479332515,0.09766044662709114,True
Walmart,2020,Q4,0.6421535224527926,0.16514360635803352,True
Walmart,2022,Q3,0.8463309928774834,0.07390423742131055,True
Walmart,2024,Q4,0.8388953025524433,0.6273575051030195,True
Walmart,2021,Q3,0.7964507440725962,0.04886125147674341,True
Walmart,2024,Q2,0.7614263931910197,0.18564599363413495,True
Walmart,2021,Q2,0.5184831751717461,0.011748540965050404,True
Walmart,2021,Q4,0.6558984177453178,0.04307756502916854,True
Engie,2019,Q1,0.027309600796018327,0.06055836139169472,False
Engie,2023,Q3,0.6712226705117659,0.11486209241286903,True
Engie,2021,Q3,0.8315563201904297,0.12457000846203437,True
Engie,2018,Q1,0.412558376789093,-0.015551125812644229,True
Engie,2022,Q3,0.7800398383821759,0.10571515221188062,True
Engie,2024,Q1,0.6241172637258258,-0.061618998595389066,False
Engie,2020,Q3,0.20460209250450134,0.11115969241129486,False
Engie,2021,Q1,0.720538921215955,-0.005777407673234432,False
Engie,2022,Q1,0.6156260479580272,0.0273574455592253,True
Engie,2023,Q1,0.3803953958882226,0.1248359550272412,False
Engie,2019,Q3,0.8233837118515601,-0.0365083488023936,False
Engie,2020,Q1,0.24782369285821915,0.24665773473675381,False
Microsoft,2021,Q1,0.6065976768732071,0.12245395430249005,True
Microsoft,2018,Q4,0.6328644901514053,0.4019093231131311,True
Microsoft,2024,Q1,0.5965679710110029,0.05461114767105914,True
Microsoft,2021,Q4,0.6297663301229477,0.4568667494647327,True
Microsoft,2023,Q1,-0.2554352283477783,0.16903658027649338,False
Microsoft,2019,Q3,0.35601606965065,0.15361642574769815,False
Microsoft,2022,Q4,-0.04444974660873413,-0.14136019155882543,True
Microsoft,2022,Q3,0.13535670042037964,-0.001014126342256258,True
Microsoft,2024,Q4,0.33315572142601013,0.03108337943328573,False
Microsoft,2020,Q4,0.5377685597964695,0.46212072362493184,True
Microsoft,2007,Q1,0.7342303395271301,0.06580628261780078,True
Microsoft,2022,Q2,0.6031214197476705,-0.08311836123605683,False
Microsoft,2020,Q1,0.15198777403150285,0.30821560923724584,False
Microsoft,2019,Q1,0.8113804544721331,0.12969186991319584,True
Microsoft,2018,Q2,0.31914301713307697,0.14798625534194768,False
Microsoft,2022,Q1,0.7907432573182243,-0.15691869115247678,False
Microsoft,2019,Q4,0.2461657736982618,0.612374022292728,False
Microsoft,2024,Q3,0.39501844346523285,0.011862286423361349,False
Microsoft,2021,Q3,0.47816996574401854,0.17585882375108192,False
Microsoft,2024,Q2,0.6655297929590399,-0.061170717971524284,False
Microsoft,2023,Q4,0.3108266790707906,0.7749202379179065,False
Microsoft,2023,Q3,0.10490740835666656,0.17092377285522437,False
Microsoft,2018,Q3,0.8685577139258385,-0.12789770574747375,False
Microsoft,2020,Q2,0.6064718067646027,0.014953479611146613,True
Microsoft,2023,Q2,-0.1685892790555954,-0.0638229878705399,True
Microsoft,2019,Q2,0.30130090316136676,0.01848922486236956,False
Microsoft,2020,Q3,0.6201596600668771,0.04612796750222712,True
Microsoft,2021,Q2,0.8599425405263901,0.04765714464627895,True
Branco,2019,Q1,0.4618204176425934,-0.08329392774482461,True
Branco,2022,Q3,0.6356075048446655,-0.20452847793311435,False
Branco,2018,Q2,-0.07004965841770172,0.05124073862882163,False
Branco,2021,Q1,0.27157369752724964,0.12429554531755999,False
Branco,2020,Q4,0.4870140925049782,-0.19535868905773687,True
Branco,2020,Q2,-0.5512332916259766,-0.1611071088971204,True
Branco,2020,Q3,0.5791049003601074,-0.015651157993222715,False
Branco,2022,Q4,0.5040184344564166,0.1144322432173565,True
Branco,2022,Q1,0.7100890427827835,0.06933628877072172,True
Branco,2019,Q3,0.537377119064331,0.08073643905000139,True
Branco,2023,Q3,0.5784217019875845,0.02065303503005234,True
Branco,2018,Q1,-0.7429865101973215,-0.25793634026187845,True
Branco,2023,Q1,0.4749930862869535,0.6999360242708184,False
Branco,2017,Q4,0.254869781434536,0.38483777032336264,False
Branco,2021,Q2,0.38016216456890106,0.05536280373656115,False
Branco,2021,Q3,0.7747226556142172,-0.2201890772275395,False
Branco,2021,Q4,0.45171116505350384,-0.20676378017707675,True
Branco,2024,Q2,0.4870140925049782,-0.11857809395830327,True
Branco,2018,Q4,0.3674505054950714,-0.13211137550309515,True
Branco,2023,Q2,0.7338946717126029,-0.14837318976248065,False
Branco,2022,Q2,0.6794952628287402,0.6541210496559613,True
Branco,2020,Q1,0,0.46911282827327416,False
Branco,2023,Q4,0.4870140925049782,0.107383378766697,False
Branco,2018,Q3,0.33734817802906036,0.1080890649028231,False
Branco,2024,Q1,0.8020055956310697,-0.2284644503394012,False
Branco,2019,Q2,0.4010131557782491,-0.1017299064058349,True
Branco,2019,Q4,0,-0.29832409631328144,True
Nike,2019,Q3,0.7287290969065258,0.09517795322515034,True
Nike,2024,Q4,0.35599720019560593,-0.39275931758453375,True
Nike,2022,Q4,0.6095694184303284,-0.260724673198147,False
Nike,2023,Q1,0.6672286093235016,-0.06515009627738294,False
Nike,2022,Q3,0.6445255776246389,0.37434588789737083,True
Nike,2021,Q3,0.5233422747025123,0.14096947300262327,True
Nike,2020,Q2,0.7410531427179065,0.30010162144493946,True
Nike,2020,Q3,0.8235203087329864,0.12022133167692169,True
Nike,2021,Q4,0.7350243888795376,-0.00142598163977999,False
Nike,2024,Q2,0.5210218910987561,0.16932111186432836,True
Nike,2024,Q3,0.5313541130586104,-0.15818449481654245,False
Nike,2018,Q4,0.7704476018746694,0.3447851453411329,True
Nike,2018,Q3,0.7433146337668101,-0.12908250957249165,False
Nike,2023,Q3,0.5633747215781894,0.15202541110820592,True
Nike,2020,Q4,0.3550758276666914,0.315947992979616,False
Nike,2023,Q2,0.37224800636370975,-0.1206974036290413,True
Nike,2018,Q2,0.7702923938632011,0.08396528435366511,True
Nike,2019,Q1,0.7376260544572558,-0.01227651602802381,False
Nike,2024,Q1,0.7654574592908223,-0.18253508315370828,False
Nike,2019,Q4,0.6735383318020747,0.1682908937060336,True
Nike,2021,Q1,0.5333003870078495,0.1790890474231286,True
Nike,2022,Q2,0.5708876592772347,-0.0551115876351879,False
Nike,2021,Q2,0.6550164937973022,-0.07429773597174506,False
Nike,2022,Q1,0.512883158830496,-0.22479171589330357,False
Nike,2020,Q1,0.6303214728832245,0.2130395006822026,True
Nike,2025,Q1,-0.14513518129076278,0.11980783087609925,False
Nike,2019,Q2,0.7748099395206997,0.08357890540930106,True
Nike,2023,Q4,0.4867563950163977,-0.1954956601561621,True
Alphabet,2020,Q2,0.1809684137503306,0.01665762634612578,False
Alphabet,2019,Q1,0.5799226562182108,-0.09689904352171556,False
Alphabet,2024,Q1,0.7292189408432354,0.17280214052848106,True
Alphabet,2019,Q2,0.7363632246851921,0.11450010989715682,True
Alphabet,2023,Q2,0.8419210836291313,0.09140948227108109,True
Alphabet,2022,Q2,0.5511002710887364,-0.10408096261279402,False
Alphabet,2019,Q4,0.8011376725302802,0.08687929800223695,True
Alphabet,2020,Q3,0.7409663399060568,0.16691320698529755,True
Alphabet,2023,Q1,0.3754202499985695,0.1412418355238072,False
Alphabet,2018,Q3,0.7150851607322692,-0.13392310935096866,False
Alphabet,2022,Q4,0.29292353242635727,-0.3041661997871029,True
Alphabet,2022,Q3,0.3236486781388521,-0.10553530542090125,True
Alphabet,2018,Q1,0.7661457061767578,0.11510607192600698,True
Alphabet,2017,Q4,0.7890550196170807,0.2835731831521409,True
Alphabet,2021,Q2,0.8382530723299298,0.09726032147786133,True
Alphabet,2020,Q1,0.3580072224140167,0.26773430812466953,False
Alphabet,2021,Q4,0.8231073518594106,0.6445863306082301,True
Alphabet,2020,Q4,0.7667584319909414,0.49521450264347217,True
Alphabet,2021,Q3,0.7009102880954743,0.07072877475921759,True
Alphabet,2021,Q1,0.7789450245244163,0.14821728703487194,True
Alphabet,2023,Q4,0.7631839483976364,0.6935589370954063,True
Alphabet,2018,Q4,0.4330349564552307,0.09660746119279626,False
Alphabet,2018,Q2,0.7149186432361603,0.05688592284325487,True
Alphabet,2024,Q2,0.8341499626636505,-0.10286056678910763,False
Alphabet,2022,Q1,0.7147908836603165,-0.20298894179027602,False
Alphabet,2023,Q3,0.7377291262149811,0.04114168661972114,True
Alphabet,2019,Q3,0.4214558720588684,0.11087061392332437,False
Ford,2020,Q2,0.66095103820165,0.10367881140383667,True
Ford,2023,Q1,0.28680997093518573,0.19374745249688413,False
Ford,2022,Q4,0.8123170882463455,-0.3803065469148445,False
Ford,2019,Q2,0.6167281766732534,-0.09206691994579809,False
Ford,2021,Q2,0.7800561673939228,-0.040911921097118935,False
Ford,2021,Q1,0.5927607595920563,0.23336069538007786,True
Ford,2023,Q2,0.7825886522020612,-0.17616827006790875,False
Ford,2019,Q3,0.3167389120374407,0.05638248832432925,False
Ford,2017,Q4,0.08021593945366996,-0.047778217938032906,True
Ford,2022,Q1,0.5656842788060507,-0.30350474970739316,False
Ford,2019,Q4,0.04234455932270397,-0.3094718147670105,True
Ford,2024,Q1,0.4187259186397899,-0.04497323554015154,True
Ford,2018,Q3,0.5025050573878818,-0.1469635194710976,False
Ford,2018,Q1,0.5414853170514107,0.03301310851267395,True
Ford,2020,Q4,0.6350049763917923,0.3452131202917497,True
Ford,2021,Q3,0.6999491304159164,0.45290065556558406,True
Ford,2020,Q3,0.7644428685307503,0.3125924810582687,True
Ford,2022,Q3,0.7821357349554697,0.024547925242732655,True
Ford,2018,Q2,-0.09731899201869965,-0.15495166087365314,True
Ford,2018,Q4,0.2557471036911011,-0.24367103336952958,True
Ford,2024,Q2,0.6648970246315002,-0.14201321768409542,False
Ford,2023,Q3,0.3127656416459517,0.005692182329022577,False
Ford,2020,Q1,0.06858368515968323,0.365909323660208,False
Ford,2021,Q4,0.6039367583062913,1.047675798769932,True
Ford,2023,Q4,0.7637354791164398,0.2902701016578721,True
Ford,2019,Q1,0.1896826303922213,0.15747411917537799,False
Ford,2022,Q2,0.41171811024347943,0.023356262264895934,False
PAYPAL,2020,Q1,0.638037727938758,0.8423067832028837,True
PAYPAL,2019,Q1,0.4014164913784374,0.08441489830956557,False
PAYPAL,2019,Q4,0.571571980531399,0.13154513829722622,True
PAYPAL,2019,Q3,0.5412011245886484,0.05305758174117598,True
PAYPAL,2022,Q3,0.6433597962061565,-0.18306947974804702,False
PAYPAL,2018,Q2,0.5797961304585139,0.047085462352869645,True
PAYPAL,2024,Q2,0.7435521951743534,0.34717177372119973,True
PAYPAL,2024,Q1,0.8158648141792842,-0.10764260876878019,False
PAYPAL,2023,Q4,0.6266316358859723,-0.1017699119594914,False
PAYPAL,2018,Q3,0.3871546149253845,-0.049000606956449824,True
PAYPAL,2020,Q2,0.8206431627273559,0.09620702158891406,True
PAYPAL,2023,Q1,0.651935277240617,-0.1252489575618408,False
PAYPAL,2021,Q3,0.6594163417816162,-0.274966893436339,False
PAYPAL,2022,Q1,0.2960814945399761,-0.38741750458850216,True
PAYPAL,2021,Q2,0.6702476097987249,-0.10380611045703687,False
PAYPAL,2019,Q2,0.38899091217252946,-0.11153620262996038,True
PAYPAL,2020,Q4,0.6581121550665961,1.135801255860246,True
PAYPAL,2023,Q2,0.6056569255888462,-0.1415564776797611,False
PAYPAL,2017,Q4,0.5178508162498474,0.8849689533789975,True
PAYPAL,2020,Q3,0.5947082963856783,0.17553568610491554,True
PAYPAL,2022,Q4,0.6716471910476685,-0.6183953646178557,False
PAYPAL,2021,Q4,0.6080908341841265,-0.4890910540087894,False
PAYPAL,2022,Q2,0.5525779326756796,0.242296809686948,True
PAYPAL,2021,Q1,0.6373888416723772,0.18267749238698408,True
PAYPAL,2018,Q1,0.356583215973594,0.11026657266088519,False
PAYPAL,2023,Q3,0.5944692015647888,0.04866801279097517,True
PAYPAL,2018,Q4,0.6082639959123399,0.40628392192449353,True
IBM,2022,Q3,0.8081787794828414,0.17331738790019127,True
IBM,2019,Q3,0.32705628499388695,-0.06460667904318222,True
IBM,2023,Q1,0.48986296220259234,0.028986619798492222,False
IBM,2019,Q4,0.6689186462989221,0.03794984078327963,True
IBM,2024,Q1,0.6687929951227628,-0.07987755906940296,False
IBM,2018,Q3,0.4455492432628359,-0.25183285245185666,True
IBM,2021,Q2,0.6329258626157587,-0.04125351315691557,False
IBM,2021,Q1,0.7359436642039906,0.10467828831526851,True
IBM,2023,Q2,0.28005632758140564,0.061678490939586425,False
IBM,2017,Q4,0.5182045608758926,-0.0373216052766853,False
IBM,2020,Q2,0.39605175455411273,0.033604864014368976,False
IBM,2022,Q4,0.8029379329898141,0.009222096944029746,True
IBM,2023,Q4,0.811812359553117,0.4289751783037235,True
IBM,2023,Q3,0.8553783476352692,0.17475038230906056,True
IBM,2022,Q2,0.6971135258674621,-0.12724999387918634,False
IBM,2018,Q1,0.4200269702602835,-0.05876727225525191,True
IBM,2021,Q3,0.3469969679911931,-0.009635847658776803,True
IBM,2020,Q3,0.4932483856876691,0.04172924851461491,False
IBM,2020,Q1,0.6607667028903961,0.15423269081410418,True
IBM,2019,Q1,0.3243765493233999,-0.026252474475247832,True
IBM,2021,Q4,0.801159006357193,0.18533357585294197,True
IBM,2019,Q2,0.17018751800060272,0.03608614958136859,False
IBM,2024,Q2,0.8127650141716003,0.2722531278095407,True
IBM,2018,Q4,0.5295651212334633,-0.032735111635837,False
IBM,2022,Q1,0.6299555437131361,0.09425214277821482,True
IBM,2018,Q2,0.4607250336557627,0.09283319727991637,False
IBM,2020,Q4,0.4978752381661359,0.06099486454215596,False
AMD,2019,Q2,0.15371276272667778,-0.07948722400451992,True
AMD,2023,Q1,0.16458804790790266,0.15202983301928713,False
AMD,2021,Q4,0.8166065613428751,0.29165760865522133,True
AMD,2023,Q4,0.2859569142262141,1.819275460126282,False
AMD,2018,Q2,0.7424833178520203,1.0375989248391397,True
AMD,2017,Q4,0.29880416724416947,-0.12073491492524462,True
AMD,2018,Q4,0.31487861004742707,1.324226003798716,False
AMD,2022,Q4,-0.028471637855876576,-0.3485090942846676,True
AMD,2020,Q3,0.7721639504799476,0.08755597751279583,True
AMD,2022,Q3,0.06518328785896302,-0.020269308045889462,True
AMD,2022,Q1,0.8658457770943642,-0.27913858855851764,False
AMD,2018,Q1,0.5867900848388672,0.5729276171180642,True
AMD,2020,Q4,0.686889111995697,0.5478615552311465,True
AMD,2024,Q2,0.660936675965786,0.04223478698076671,True
AMD,2021,Q1,0.832208684512547,0.10395857301619739,True
AMD,2020,Q1,0.3902109894487593,0.1516261785391911,False
AMD,2019,Q1,0.0491836496761867,0.15212443611655724,False
AMD,2024,Q1,0.21595226526260375,-0.11525030024044203,True
AMD,2020,Q2,0.5946527556939558,0.555153932968705,True
AMD,2023,Q2,-0.056792184710502625,-0.11224313619628637,True
AMD,2018,Q3,0.13275237215889824,-0.4328453325412555,True
AMD,2019,Q3,0.4154758964266096,0.582753828077193,False
AMD,2023,Q3,0.0732911229133606,0.4274233412789265,False
AMD,2022,Q2,0.7968514892790053,-0.1293606490588204,False
AMD,2021,Q2,0.8056101471185684,0.07544744507260967,True
AMD,2021,Q3,0.6293205618858337,0.41678866003104187,True
AMD,2019,Q4,0.6714895367622375,1.5416888371889024,True
Apple,2023,Q2,0.0704511284828186,-0.10921135596472906,True
Apple,2021,Q1,0.83942711353302,0.11025694977799504,True
Apple,2018,Q1,0.7339789058480944,0.11485367243515762,True
Apple,2022,Q2,0.35600491985678673,0.026977034957325667,False
Apple,2023,Q4,0.43261871337890623,0.38049528555006673,False
Apple,2018,Q2,0.8155039804322379,0.21023461457388093,True
Apple,2018,Q4,0.45034771495395237,0.12404871950625686,False
Apple,2021,Q2,0.6208204925060272,0.04206310143742861,True
Apple,2019,Q1,0.2991814911365509,0.03891557380541736,False
Apple,2022,Q4,0.23767278591791788,-0.10141391423044308,True
Apple,2021,Q3,0.5747635194233486,0.251034205425401,True
Apple,2019,Q3,0.6333183586597443,0.30190650187645207,True
Apple,2024,Q2,0.2119013460782858,0.05215070580102798,False
Apple,2018,Q3,0.617148987271569,-0.3101508981083693,False
Apple,2024,Q3,0.45869252979755404,0.11611975158811721,False
Apple,2022,Q1,0.8394962400197983,-0.2000769427301595,False
Apple,2019,Q4,0.686623646153344,0.6416689607596081,True
Apple,2022,Q3,0.05449111759662628,-0.08637747419418196,True
Apple,2023,Q3,0.40244451436129486,0.10954621389883068,False
Apple,2020,Q1,0.44643160700798035,0.5057880478167094,False
Apple,2020,Q4,0.7223162829875946,0.6130002625265176,True
Apple,2020,Q3,0.7932109832763672,0.1469362938063172,True
Apple,2019,Q2,0.6224587976932525,0.08981087616352858,True
Apple,2024,Q1,0.36054732311855664,0.24040260954390266,False
Apple,2020,Q2,0.206848273674647,0.2556173231878562,False
Apple,2023,Q1,-0.40355523994990755,0.14251817972361616,False
Apple,2021,Q4,0.7499728202819824,0.3839254851024267,True
Schneider Electric,2022,Q2,0.8077124248851429,0.026065037462035638,True
Schneider Electric,2020,Q3,0.2624269823233287,0.13634224493002808,False
Schneider Electric,2020,Q1,-0.40261528321674894,0.3846049548238828,False
Schneider Electric,2023,Q2,0.891565877199173,-0.0381127803386379,False
Schneider Electric,2021,Q1,0.7921339472134908,0.04804446679498483,True
Schneider Electric,2018,Q1,0.44672581884596085,0.024917203977961187,False
Schneider Electric,2022,Q4,0.8250758469104766,-0.10551627827782659,False
Schneider Electric,2019,Q3,0.2762746810913086,0.16433476256487958,False
Schneider Electric,2021,Q3,0.5073589597429548,0.21274189636333868,True
Schneider Electric,2018,Q3,0.7301209270954132,-0.14004062314798205,False
Schneider Electric,2019,Q1,0.6809249520301819,0.16311786411040202,True
BBVA,2024,Q2,0.7502458766102791,0.04589471592348153,True
BBVA,2017,Q4,0.7185816583888871,0.04191575843887041,True
BBVA,2024,Q1,0.707536553144455,-0.11617159663932144,False
BBVA,2018,Q4,0.6889851888020834,-0.24963437912732517,False
BBVA,2021,Q1,0.5524856758117676,0.20630907476978444,True
BBVA,2020,Q4,0.6920036456801675,-0.06945595709832263,False
BBVA,2020,Q2,0.2975923791527748,-0.2250664028200034,True
BBVA,2019,Q2,0.6934016793966293,-0.0455414098765478,False
BBVA,2023,Q1,0.7534632431833368,0.10866790289711242,True
BBVA,2023,Q3,0.7954535186290741,0.09218851188721443,True
BBVA,2021,Q2,0.7739835195243359,0.06156394604360399,True
BBVA,2022,Q4,0.8715087538180144,0.34976676831255205,True
BBVA,2018,Q2,0.46702614787853125,-0.07669018017961479,True
BBVA,2023,Q4,0.894426703453064,1.0465717126518386,True
BBVA,2020,Q1,0.28365707527036255,0.19450867474001474,False
BBVA,2020,Q3,0.46600312567674196,0.7139249326174093,False
BBVA,2021,Q3,0.7238552434877916,-0.05548172194504358,False
BBVA,2018,Q3,0.47140728375490976,-0.14217763133678468,True
BBVA,2019,Q3,0.7442703458170096,0.08829582792961944,True
BBVA,2018,Q1,0.639976578950882,-0.023365678981100996,False
BBVA,2022,Q3,0.7133391929997338,0.23405802050728888,True
BBVA,2019,Q4,0.6583614390471886,-0.34083967976599044,False
BBVA,2022,Q2,0.8087794105211894,0.05540762894158064,True
BBVA,2022,Q1,0.5941237807273865,-0.1464435911700514,False
BBVA,2023,Q2,0.6390163553388495,0.08744699730112614,True
BBVA,2019,Q1,0.48419114488821763,-0.045521483389034036,True
Volvo,2019,Q2,0.3851013000194843,-0.08888879937920212,True
Volvo,2023,Q2,0.6956249032959794,0.006244479892119088,True
Volvo,2020,Q2,-0.32545624673366547,0.18348631060715173,False
Volvo,2022,Q2,0.4360118806362152,-0.027798702824264606,True
Volvo,2019,Q3,-0.10577538183757237,0.17002209513114708,False
Volvo,2024,Q1,0.44623513023058575,-0.07284542207488758,True
Volvo,2022,Q1,0.24656019156629388,0.01808478463293412,False
Volvo,2018,Q2,0.5658171302997149,0.1257614986565685,True
Volvo,2018,Q3,0.5835389855660891,-0.2638096435337072,False
Volvo,2018,Q4,0.6173846704118392,-0.042688756179374426,False
Volvo,2023,Q1,0.6782932703693708,0.10203431252414699,True
Volvo,2020,Q1,-0.6341901501019795,0.3074877935866688,False
Volvo,2021,Q1,0.5244755040515553,0.02234371101461781,True
Volvo,2019,Q4,0.20632953171072335,0.05446360588319218,False
Volvo,2020,Q3,0.46961231458754765,0.1086955345427902,False
Volvo,2024,Q2,0.17514520494834238,-0.0032918548991881453,True
Volvo,2021,Q2,0.4571295151343712,-0.06127936470318841,True
Volvo,2020,Q4,0.6650518377621969,0.38351474123531715,True
Volvo,2022,Q4,0.8001876324415207,0.06843605493499816,True
Volvo,2019,Q1,0.6799882923563322,0.06176102244034833,True
Volvo,2021,Q3,0.4691499392191569,0.07789185795454363,False
Volvo,2022,Q3,0.5345065097014109,0.17903165075585187,True
Volvo,2018,Q1,0.29851789701552617,-0.004939287294079903,True
Volvo,2023,Q3,0.5245282026854429,0.15899035209988624,True
Volvo,2017,Q4,0.6015463265088888,0.4654154726375546,True
Volvo,2023,Q4,0.46972891229849595,0.713903135934847,False
Volvo,2021,Q4,0.7116779386997223,0.020643720138636506,True
SalesForce,2021,Q2,0.7318931818008423,0.10417194125960502,True
SalesForce,2021,Q4,0.82172178370612,-0.024374592610682515,False
SalesForce,2021,Q3,0.7522778511047363,-0.07240417625366301,False
SalesForce,2021,Q1,0.7889071464538574,0.12385697285404101,True
SalesForce,2020,Q4,0.5658562098230634,0.2575605393422859,True
SalesForce,2022,Q1,0.7842297196388245,-0.19618389714598342,False
SalesForce,2025,Q1,0.8213426215308053,0.015114177456307411,True
SalesForce,2023,Q4,0.784203439950943,1.2375239169152557,True
SalesForce,2020,Q3,0.7083676338195801,-0.12250934100210607,False
SalesForce,2024,Q4,0.8390743970870972,0.05992235078591917,True
SalesForce,2023,Q1,0.8168794181611803,0.07094491013877954,True
SalesForce,2023,Q3,0.43786053525076973,0.29173807258885115,False
SalesForce,2022,Q3,0.7425245754420757,-0.10351585501930537,False
SalesForce,2022,Q4,0.7687146365642548,-0.23040790235585304,False
SalesForce,2019,Q1,0.7967477689186732,-0.058630088877771644,False
SalesForce,2022,Q2,0.8275823295116425,-0.12716996429747696,False
SalesForce,2020,Q1,0.7629504303137461,0.3675221443756935,True
SalesForce,2019,Q2,0.742185618196215,-0.037647778156992474,False
SalesForce,2023,Q2,0.5348193868994713,-0.04190864736965888,False
SalesForce,2024,Q2,0.7459912408481945,0.0831177885436511,True
SalesForce,2019,Q4,0.7873708605766296,0.10549626727710032,True
SalesForce,2020,Q2,0.25310596397944857,0.2895408360863352,False
SalesForce,2025,Q2,0.82172178370612,-0.09702910519801883,False
SalesForce,2018,Q4,0.7905457190104893,0.5168086987281953,True
SalesForce,2019,Q3,0.7533215165138245,0.09987131727603571,True
SalesForce,2024,Q1,0.82172178370612,-0.14940775414351104,False
SalesForce,2024,Q3,0.8496044476826986,0.24090202979124367,True
Airbus,2022,Q4,0.34600942002402413,0.06761354848687942,False
Airbus,2018,Q1,0.5607612550258636,0.08900638085883415,True
Airbus,2024,Q1,0.2834979196389516,-0.21935045692682498,True
Airbus,2020,Q1,-0.3960698928151812,0.21360141346572878,False
Airbus,2021,Q1,0.325837679207325,0.06034660233812071,False
Airbus,2019,Q1,0.41775635480880735,0.07370120353297589,False
Airbus,2022,Q1,0.819546103477478,-0.1575205091174937,False
Airbus,2023,Q2,0.8630789518356323,-0.042527484235512565,False
Airbus,2023,Q1,0.3772069811820984,0.058467260055259714,False
Cardinal Health,2021,Q2,0.382051638581536,-0.10959609471193826,True
Cardinal Health,2024,Q3,0.7757268071174621,0.06879359904268728,True
Cardinal Health,2020,Q2,0.5649554218564715,-0.09268599591937683,False
Cardinal Health,2022,Q2,0.38764680756462944,0.2766475567989874,False
Cardinal Health,2020,Q1,0.8703240633010865,0.08928932326462241,True
Cardinal Health,2020,Q3,0.2994551628828049,0.1608071564467306,False
Cardinal Health,2019,Q3,0.19324392080307007,0.07381577537010477,False
Cardinal Health,2023,Q3,0.40368943810462954,0.17279617733376704,False
Cardinal Health,2023,Q1,0.325275719165802,0.22435141555649543,False
Cardinal Health,2019,Q4,0.476749633039747,0.11867714055575844,False
Cardinal Health,2021,Q3,0.19845624102486503,0.04319137262016077,False
Cardinal Health,2022,Q4,0.33290800181302155,0.4952472911525302,False
Cardinal Health,2024,Q2,0.713335965688412,0.12305643289622588,True
Cardinal Health,2022,Q1,0.622694280412462,-0.06788187992898138,False
Cardinal Health,2021,Q1,0.6730526685714722,-0.05716161035350817,False
Cardinal Health,2024,Q1,0.6755351803519509,-0.12261280366443714,False
Cardinal Health,2019,Q1,0.6793307264645895,-0.03112522349540699,False
Cardinal Health,2020,Q4,-0.1662263311445713,0.29270883970993195,False
Cardinal Health,2018,Q4,0.5971049103471968,-0.2022729352818116,False
Cardinal Health,2024,Q4,0.7586317453533411,0.3543882516169585,True
Cardinal Health,2023,Q2,0.7926512807607651,-0.08214377844132678,False
Cardinal Health,2018,Q3,0.39752461964433844,-0.173525859365594,True
Cardinal Health,2019,Q2,0.4489862844347954,0.00021019069923952332,False
Cardinal Health,2023,Q4,0.7183132813527033,0.49858793516491584,True
Cardinal Health,2018,Q2,0.705645869175593,0.10843727506202597,True
Cardinal Health,2022,Q3,0.12727848026487562,0.13820384347425324,False
Cardinal Health,2021,Q4,0.39360902458429337,0.12807991520873946,False
Deutsche Bank,2019,Q3,-0.016744939719929415,0.03594427147906588,False
Deutsche Bank,2022,Q2,0.41874321550130844,-0.056997427667077986,True
Deutsche Bank,2019,Q1,0.08095602013848045,-0.08350992490909674,True
Deutsche Bank,2024,Q2,0.6349895149469376,0.00960665094040708,True
Deutsche Bank,2024,Q1,0.5967085603624582,0.05322991407227502,True
Deutsche Bank,2022,Q3,0.4855390985806783,0.3876802772412573,False
Deutsche Bank,2023,Q2,0.3607361491988687,0.07399784838496158,False
Deutsche Bank,2020,Q2,0.29983157487142653,-0.1525098966920755,True
Deutsche Bank,2018,Q2,0.18318804410787728,0.07539120255189607,False
Deutsche Bank,2018,Q4,0.12261611398528605,-0.5401810166021676,True
Deutsche Bank,2018,Q1,-0.15720838850194757,-0.1649512418497151,True
Deutsche Bank,2020,Q3,0.08951968513429165,0.2604226487621192,False
Deutsche Bank,2021,Q3,0.5481135143953211,0.02018515941196477,True
Deutsche Bank,2022,Q1,0.22733193822205067,-0.2593908938210533,True
Deutsche Bank,2021,Q1,0.5261554680764675,0.07869128373735294,True
Deutsche Bank,2023,Q3,0.22937337505189995,0.22222225546423974,False
Deutsche Bank,2021,Q2,0.1762903332710266,-0.010080931054210162,True
Deutsche Bank,2018,Q3,-0.08029105175625194,-0.2827138954510626,True
Deutsche Bank,2021,Q4,0.6660419255495071,0.323398848425332,True
Deutsche Bank,2020,Q4,0.15618846813837686,0.4019329118202642,False
Deutsche Bank,2020,Q1,0.7624831416390159,0.505895008618117,True
Deutsche Bank,2022,Q4,0.4950872970663983,-0.163823221448451,True
Deutsche Bank,2023,Q1,0.25516197747654384,0.03801373257834115,False
Deutsche Bank,2019,Q4,0.5291781475146612,-0.17122168826368006,False
Deutsche Bank,2017,Q4,-0.0681108683347702,-0.26844062435642874,True
Deutsche Bank,2019,Q2,-0.13468816605481235,0.025758604849584518,False
Amadeus,2021,Q2,-0.3068180765424456,-0.029956145884970427,True
Amadeus,2023,Q3,0.489469759994083,0.13426576989315292,False
Amadeus,2019,Q4,0.18287241000395554,-0.27174525751337164,True
Amadeus,2020,Q3,-0.29148166946002413,0.2888985324794459,False
Amadeus,2019,Q3,0.38096650772624546,0.1266993487447279,False
Amadeus,2018,Q3,0.5513900548219681,-0.2537167672017859,False
Amadeus,2023,Q4,0.7068568170070648,0.2275285739490114,True
Amadeus,2022,Q4,0.7889993786811829,-0.006225525063959398,False
Amadeus,2020,Q1,-0.6260082572698593,0.10217966059338995,False
Amadeus,2022,Q3,0.785867554800851,0.023182139556280488,True
Amadeus,2023,Q2,0.46972669288516045,-0.1476115668992753,True
Amadeus,2021,Q3,0.247993098364936,0.027921355758500965,False
Amadeus,2023,Q1,0.6069399383332994,0.12760416769620334,True
Amadeus,2022,Q1,0.6432291997803582,-0.09442344542155706,False
Amadeus,2018,Q1,0.8713274768420628,0.15107007169204986,True
Amadeus,2019,Q1,0.6495133817195893,-0.02845150415917474,False
Amadeus,2024,Q1,0.6997905903392367,0.07137929458015278,True
Amadeus,2021,Q1,-0.1456118557188246,-0.025123901487995544,True
Amadeus,2022,Q2,0.7841464082400004,-0.135385232790795,False
Amadeus,2018,Q4,0.43752538561820986,0.21679265264797856,False
Adobe,2024,Q1,0.8017648309469223,0.10645498233245616,True
Adobe,2022,Q3,0.793775163590908,0.17981352650719865,True
Adobe,2023,Q1,0.7965165600180626,0.27281100322205837,True
Adobe,2020,Q1,0.5321809828281403,0.4083198573786209,True
Adobe,2019,Q2,0.5323106249173483,-0.07784826587617247,False
Adobe,2024,Q3,0.726600769493315,-0.11336515788355614,False
Adobe,2023,Q3,0.7815174460411072,0.14481985300404276,True
Adobe,2021,Q1,0.7462716315473829,0.2222245303014853,True
Adobe,2018,Q1,0.7802536338567734,0.14853023817885905,True
Adobe,2019,Q3,0.4913009745734079,0.20398961030357443,False
Adobe,2021,Q2,0.7722397208213806,-0.01202258905227189,False
Adobe,2022,Q2,0.7898702451160976,-0.24487084318306745,False
Adobe,2024,Q2,0.7420706391334534,-0.07951648813475973,False
Adobe,2021,Q4,0.6707478344440461,-0.05208719448231318,False
Adobe,2021,Q3,0.6424582004547119,-0.01201783946929735,False
Adobe,2022,Q1,0.5851359275671152,-0.1957484929036091,False
Adobe,2018,Q2,0.5747184852759043,0.10971807244468751,True
Adobe,2020,Q4,0.6887015551328659,0.3918009797235085,True
Adobe,2023,Q4,0.7595009261911566,0.4976848687908139,True
Adobe,2022,Q4,0.650805489583449,-0.3233162691131631,False
Adobe,2019,Q4,0.38121857387678965,0.4177762134939412,False
Adobe,2020,Q2,0.4117370910114712,0.11259405035938176,False
Adobe,2018,Q4,0.6753009036183357,0.499662323078116,True
Adobe,2023,Q2,0.7815425574779511,0.050885189662653735,True
Adobe,2020,Q3,0.5725651184717814,-0.004124036592500561,False
Adobe,2018,Q3,0.45474866032600403,-0.19006129880442074,True
Adobe,2019,Q1,0.5136909484863281,0.0825953608394806,True
Mastercard,2023,Q2,0.8520349860191345,0.006403207832257367,True
Mastercard,2018,Q1,0.37180895209312437,0.14685221616197686,False
Mastercard,2020,Q2,0.4173972010612488,0.11790365865139557,False
Mastercard,2022,Q2,0.9036034175327846,-0.09750643085079738,False
Mastercard,2020,Q1,0.36666297912597656,0.28333391315209466,False
Mastercard,2022,Q3,0.8326414095030891,0.19901898616537134,True
Mastercard,2019,Q3,0.818434365093708,0.10017481719667637,True
Mastercard,2024,Q2,0.9272199670473734,0.12970745515016743,True
Mastercard,2023,Q4,0.8572904542088509,0.39928462059159187,True
Mastercard,2022,Q4,0.7892477181222703,-0.024258281180612774,False
Mastercard,2020,Q4,0.5217319011688233,0.18852818154150466,True
Mastercard,2021,Q4,0.8870480954647064,0.03699831112684972,True
Mastercard,2019,Q4,0.7937680706381798,0.3439391328090008,True
Mastercard,2019,Q1,0.643984956400735,0.10813352498623768,True
Mastercard,2019,Q2,0.8242287702030606,0.010071828424694737,True
Mastercard,2021,Q3,0.8702113181352615,0.003515102787896023,True
Mastercard,2018,Q2,0.5117489794890085,0.12758751315192027,True
Mastercard,2018,Q4,0.7909829542040825,0.5610354068677642,True
Mastercard,2024,Q1,0.8461207018958198,-0.07656551793408466,False
Mastercard,2023,Q3,0.8599588215351105,0.07901569170892933,True
Mastercard,2021,Q2,0.8665764480829239,-0.046138366707293474,False
Mastercard,2018,Q3,0.3732788066069285,-0.16711105628014658,True
Mastercard,2022,Q1,0.7917243182659149,-0.11246046492508524,False
Mastercard,2023,Q1,0.8460856411192152,0.05950864511800357,True
Mastercard,2020,Q3,0.43602999051411945,0.03667810142591044,False
Mastercard,2021,Q1,0.6990556054645114,0.014139672175091617,True
Amazon,2024,Q2,0.7818345755338669,-0.04680525289238011,False
Amazon,2022,Q4,0.8645199338595072,-0.4014242414392527,False
Amazon,2017,Q4,0.725377905368805,0.9203895570006912,True
Amazon,2018,Q2,0.6701201498508453,0.16876142830979032,True
Amazon,2020,Q1,0.613142341375351,0.40503217687173315,True
Amazon,2023,Q3,0.7810771971940994,0.17364432690957912,True
Amazon,2023,Q1,0.7763427793979645,0.24890144470525552,True
Amazon,2021,Q4,0.6755902171134949,0.043742121322369994,True
Amazon,2023,Q2,0.8136912158557347,-0.02380585505345732,False
Amazon,2019,Q1,0.5478725433349609,0.04378813666809202,True
Amazon,2019,Q3,0.07593441009521484,0.0640912209457504,False
Amazon,2023,Q4,0.833100492755572,1.1018411270594677,True
Amazon,2022,Q2,0.4521661102771759,0.047827725537887646,False
Amazon,2018,Q1,0.8229105472564697,0.23893023546528633,True
Amazon,2020,Q2,0.5626194817679269,0.09246539037100267,True
Amazon,2019,Q2,0.7547947565714518,-0.10235198690763328,False
Amazon,2021,Q2,0.7380157510439554,-0.038406970265147,False
Amazon,2020,Q4,0.8314133882522583,0.6097333520489681,True
Amazon,2021,Q3,0.7607505917549133,0.02729912648372193,True
Amazon,2018,Q4,0.45083320140838623,0.4976744979913494,False
Amazon,2024,Q1,0.78197460770607,0.06785654360647721,True
Amazon,2021,Q1,0.7195404887199401,0.09083830655925175,True
Amazon,2018,Q3,0,-0.2625975446897914,True
Amazon,2019,Q4,0.6832800209522247,0.2760131466320182,True
Amazon,2022,Q1,0.1731260299682617,-0.3340670103035077,True
Amazon,2020,Q3,0.6838034788767496,0.020051111158480118,True
Amazon,2022,Q3,0.3490993891443525,-0.27511216783772957,True
SIE,2023,Q1,0.7075016796588898,0.01564834615337811,True
SIE,2020,Q4,0.516319968870708,0.4075235975803305,True
SIE,2021,Q4,0.8208846330642701,0.16688534664362092,True
SIE,2019,Q3,0.35343516170978545,0.20367682010576002,False
SIE,2018,Q4,0.8038331998719109,-0.10053246455863762,False
SIE,2022,Q4,0.8589746914803982,0.02273361822782614,True
SIE,2020,Q3,0.44321268796920776,0.10181879727657837,False
SIE,2022,Q1,0.8868720948696136,-0.1996842382901646,False
SIE,2019,Q4,0.8558073214122227,-0.16713477984077918,False
SIE,2018,Q3,0.6007825575376812,-0.11745501018398852,False
SIE,2020,Q2,-0.09506034851074219,0.1588044103882793,False
SIE,2018,Q1,0.5499317135129657,0.10999995372027947,True
SIE,2023,Q3,0.5796802359468797,0.2639093833902489,True
SIE,2020,Q1,0.4840666651725769,0.4009726223292646,False
SIE,2019,Q1,-0.021541292468706768,0.06789178553737449,False
SIE,2021,Q3,0.8112054440108213,0.10878724948539607,True
SIE,2022,Q3,0.5997574945290883,0.28458187561705856,True
SIE,2024,Q3,0.5511541572900919,0.05415331883969689,True
SIE,2021,Q1,0.7831162214279175,-0.044034136362086584,False
SIE,2024,Q1,0.5879773543431208,-0.01070617818727788,False
SIE,2022,Q2,0.487994059920311,0.02354162226344248,False
SIE,2023,Q4,0.7055758403407203,0.44297052252979546,True
SIE,2023,Q2,0.6060573914471794,-0.0881839633951737,False
SIE,2024,Q2,0.4589426666498184,0.03240744867548819,False
SIE,2018,Q2,0.6501322549123031,-0.019897053088921934,False
SIE,2021,Q2,0.8377481897672018,0.06918123155996171,True
BP,2021,Q2,0.7121782633993361,0.0426596191915913,True
BP,2018,Q2,0.21347185373306274,0.028229472148603527,False
BP,2021,Q4,0.7425218804462536,0.5048298549964315,True
BP,2019,Q1,0.41876398026943207,-0.01880852013239396,True
BP,2018,Q1,0.8862118244171142,0.20620538069292058,True
BP,2023,Q1,0.5268598000208536,-0.14614287003056944,False
BP,2017,Q4,0.6702924937009811,-0.07281094407562835,False
BP,2021,Q3,0.7968719729355404,-0.014530982251567246,False
BP,2020,Q1,-0.28349490960439044,-0.05608702171028231,True
BP,2022,Q4,0.6136054308326157,0.4628849595787486,True
BP,2020,Q2,0.417104110121727,-0.25867206776120105,True
BP,2023,Q3,0.6788308786021339,-0.10189555042817453,False
BP,2023,Q4,0.5445982217788696,0.026129555895845865,True
BP,2020,Q3,0.39807670495726843,0.18904077191555602,False
BP,2018,Q4,0.6732893154025078,0.07998970498526135,True
BP,2022,Q1,0.48290544748306274,0.049587695311459644,False
BP,2024,Q1,0.5835207104682922,-0.06556368897134453,False
BP,2018,Q3,0.007078081369400024,-0.15542727415664784,True
BP,2023,Q2,0.7740170040300914,0.1288482173760862,True
BP,2022,Q3,0.24661013732353845,0.07284527614639187,False
BP,2019,Q4,0.15089316368103028,-0.3616158582460438,True
BP,2020,Q4,0.4978523974617322,-0.3724273001213095,True
BP,2019,Q2,0.11838594079017639,-0.06903453846487537,True
BP,2019,Q3,0.37162746861577034,-0.06928635795900492,True
BP,2024,Q2,0.511072039604187,-0.18870697485774868,False
BP,2022,Q2,0.7271346908349258,0.12380503359243658,True
BP,2021,Q1,0.4850830700662401,0.09053395531441388,False
GM,2024,Q1,0.7306036182812282,0.026047644242787302,True
GM,2023,Q4,0.5207916498184204,0.35930692399401787,True
GM,2022,Q4,0.7743525596765372,-0.40760800657161306,False
GM,2022,Q2,0.5349041769901911,0.03559899197542211,True
GM,2020,Q4,0.809045173227787,0.5843705816227702,True
GM,2018,Q2,0.43197130411863327,-0.1383163924845807,True
GM,2024,Q2,0.4727290213108063,-0.001796909405630366,True
GM,2021,Q3,0.3641470840999058,0.09410882758373762,False
GM,2021,Q2,0.5509266912937164,-0.10455073139089142,False
GM,2018,Q1,0.714742205359719,0.11140319184796026,True
GM,2022,Q1,0.8055856890148587,-0.22136887974414732,False
GM,2022,Q3,0.7919529146618314,0.02570167559842393,True
GM,2017,Q4,0.5290866866707802,0.08750619368004879,True
GM,2021,Q1,0.827311721112993,0.017820253228609577,True
GM,2020,Q3,0.7993095397949219,0.3772221199630719,True
GM,2018,Q3,0.4724762936433156,0.002241488245433329,False
GM,2023,Q3,0.6711948464314142,0.10941149330141034,True
GM,2020,Q2,0.3694985102523457,0.15144233727238252,False
GM,2023,Q2,0.7848696221004833,-0.15146010257914783,False
GM,2018,Q4,0.1939218988021215,-0.06696279446879734,True
GM,2019,Q2,0.5713247545063496,-0.02463026855616385,False
GM,2019,Q1,0.5865128272109561,0.03132712451367881,True
GM,2019,Q3,0.2720765670140584,0.019965114131359273,False
GM,2023,Q1,0.7657552253116261,0.0561447333051101,True
GM,2021,Q4,0.8491207361221313,0.1162680604481566,True
GM,2020,Q1,0.202305413209475,0.31360324143225676,False
GM,2019,Q4,0.5222633704543114,-0.33152220713554437,False
Oracle,2021,Q1,0.2205100655555725,0.09229784928337988,False
Oracle,2024,Q1,0.9227206468582153,0.1289103249180237,True
Oracle,2023,Q2,0.8361624479293823,-0.09268716673690011,False
Oracle,2019,Q1,0.3673003613948822,0.04846333262946025,False
Oracle,2019,Q3,0.48686744272708893,-0.01607737076370482,True
Oracle,2024,Q2,0.879011407494545,0.18258732741637226,True
Oracle,2022,Q1,0.943914920091629,-0.1527771801669978,False
Oracle,2022,Q3,0.8812577128410339,0.3024761690287599,True
Oracle,2021,Q3,0.8635537624359131,-0.015866205725870733,False
Oracle,2018,Q3,0.8766507357358932,-0.13126521768810748,False
Oracle,2023,Q1,0.7871827602386474,0.2592977067859409,True
Oracle,2019,Q2,0.8104821145534515,-0.06380010292100409,False
Oracle,2023,Q4,0.7949465334415435,0.5290532027089279,True
Oracle,2020,Q2,0.7489669620990753,0.07625560694195697,True
Oracle,2024,Q3,0.9471547156572342,0.0007494883175762913,True
Oracle,2020,Q1,0.6605932116508484,0.12954508206717624,True
Oracle,2021,Q2,0.7857907215754191,0.15145304569700072,True
Oracle,2018,Q4,0.5142432928085328,0.17498748853831328,True
Oracle,2020,Q4,0.24156651894251505,0.335790748841921,False
Oracle,2020,Q3,0.46195547580718993,0.08345782888979962,False
Oracle,2025,Q1,0.923033207654953,0.4865101860526089,True
Oracle,2022,Q2,0.7748721738656362,-0.12975007975888134,False
Oracle,2019,Q4,0.7615990340709686,0.13769980715370567,True
Oracle,2024,Q4,0.8287342488765717,0.37366098304415235,True
Oracle,2023,Q3,0.8366349935531616,-0.008379750546444497,False
Oracle,2021,Q4,0.826338455080986,0.3326886360747877,True
Oracle,2022,Q4,0.5557883977890015,0.051487204245593214,True
Elevance Health,2024,Q2,0.7834780812263489,-0.016882237540279486,False
Elevance Health,2018,Q1,0.6262543499469757,0.08488648312210836,True
Elevance Health,2023,Q2,0.5102675527334213,-0.01712182243204445,False
Elevance Health,2021,Q3,0.5970571786165237,0.24613151250930254,True
Elevance Health,2022,Q4,0.773790959517161,0.0007816031937964551,True
Elevance Health,2019,Q3,0.8346659302711487,0.284037331654415,True
Elevance Health,2018,Q4,0.6192780895666643,0.28832671257564835,True
Elevance Health,2022,Q2,0.6758233688094399,-0.05757700720551499,False
Elevance Health,2017,Q4,0.6326274240718168,0.5605106314369811,True
Elevance Health,2020,Q2,0.4607061743736267,-0.029637710704310795,True
Elevance Health,2021,Q2,0.8085887551307678,0.016069773522447085,True
Elevance Health,2020,Q3,0.6834242939949036,0.16584469111674147,True
Elevance Health,2019,Q1,0.736943867471483,-0.0183959609600493,False
Elevance Health,2023,Q3,0.6999825560129606,0.07455656407898523,True
Elevance Health,2020,Q1,0.18391347782952444,0.2136812415123372,False
Elevance Health,2022,Q1,0.8440314806424655,-0.025052527086989265,False
Elevance Health,2018,Q2,0.45117374261220294,0.15335896553682318,False
Elevance Health,2022,Q3,0.794863815108935,0.0939521863498494,True
Elevance Health,2019,Q4,0.6856427192687988,-0.08195353034509723,False
Elevance Health,2020,Q4,0.5095016658306122,0.2305279991215493,True
Elevance Health,2023,Q1,0.6282104795629327,-0.07339056492096478,False
Elevance Health,2018,Q3,0.5806551916258675,-0.0596035106752958,False
Elevance Health,2019,Q2,0.7906513322483409,-0.1565685654083444,False
Elevance Health,2024,Q1,0.6648175077778953,0.05330185988334284,True
Elevance Health,2021,Q1,0.7679728919809515,0.08170328898647393,True
Elevance Health,2023,Q4,0.7297030296176672,0.049216263577574804,True
Elevance Health,2021,Q4,0.5781966745853424,0.6008915106892575,True
AXP,2018,Q1,0.7582805885208977,0.08096604007881662,True
AXP,2021,Q3,0.832079681483182,-0.05388022839386693,False
AXP,2024,Q1,0.9053427338600158,0.02046229804302414,True
AXP,2020,Q1,-0.21811611205339432,0.22103065713546913,False
AXP,2021,Q1,0.16696545233329138,0.13612790146987958,False
AXP,2020,Q3,-0.06250226956147414,0.18354691429848993,False
AXP,2020,Q4,-0.248393777012825,0.16056843014871017,False
AXP,2018,Q3,0.8179015517234802,-0.12177242001699587,False
AXP,2023,Q4,0.8899450964397855,0.5756114931928831,True
AXP,2022,Q4,0.7417480597893397,-0.018567574394290458,False
AXP,2023,Q2,0.7957128967557635,-0.14670793753100092,False
AXP,2022,Q1,0.8568936478007924,-0.25273310714041325,False
AXP,2021,Q4,0.7780637294054031,0.6304129141080398,True
AXP,2022,Q3,0.9184073408444723,0.05923428082427922,True
AXP,2023,Q3,0.8430709481239319,0.258427341735219,True
AXP,2022,Q2,0.756652295589447,-0.018589429401735674,False
AXP,2019,Q4,0.6657361938403203,-0.03938956006370448,False
AXP,2021,Q2,0.4639815092086792,0.02755466758133264,False
AXP,2018,Q4,0.5887204110622406,0.1253824529944013,True
AXP,2023,Q1,0.8585072979331017,0.05457019734563221,True
AXP,2018,Q2,0.6521218394239744,0.0795186211850128,True
AXP,2019,Q3,0.5740839568051425,0.06919806796277343,True
AXP,2020,Q2,-0.1785791479051113,0.03934056309029117,False
AXP,2019,Q2,0.7502460135863378,-0.04770349116472464,False
AXP,2024,Q2,0.8325760439038277,0.1627705878881065,True
AXP,2019,Q1,0.7944418787956238,0.1090150447344932,True
AXP,2017,Q4,0.41529731618033516,0.262328363054588,False
Capgemini,2018,Q3,0.6601691969803402,-0.2325143779410471,False
Capgemini,2023,Q3,0.565896288915114,0.14602307666888795,True
Capgemini,2020,Q1,0.6008942392137315,0.38924313195519517,True
Capgemini,2022,Q2,0.7035602383753833,-0.012983028549982076,False
Capgemini,2023,Q1,0.44286015087907965,0.025297707755227845,False
Capgemini,2020,Q3,0.5533712676593235,0.18093914275089884,True
Capgemini,2021,Q1,0.591667315363884,0.108762865627924,True
Capgemini,2022,Q3,0.5361350893974304,-0.05398845600831057,False
Capgemini,2021,Q3,0.8594922348856926,0.2073887420822531,True
Capgemini,2022,Q4,0.719695250193278,-0.19064372127878582,False
Capgemini,2018,Q1,0.5562269488970438,0.16634627230411206,True
Capgemini,2019,Q3,0.8060137778520584,0.02461680009581565,True
Capgemini,2019,Q1,0.8391490777333578,0.013057656325912574,True
Citi,2019,Q4,0.5992803711157578,-0.14751000886731144,False
Citi,2020,Q3,-0.283978177441491,0.41837670555729095,False
Citi,2023,Q3,0.6898444965481758,0.2866139771618547,True
Citi,2021,Q3,0.5844855416904796,-0.14487271493634213,False
Citi,2019,Q1,0.15300842622915903,0.09510218432092526,False
Citi,2022,Q1,-0.010069238642851511,-0.09067142212745122,True
Citi,2018,Q3,0.36812053322792054,-0.2744789306876272,True
Citi,2023,Q4,0.2510777193567027,0.45898715657913486,False
Citi,2024,Q1,0.46408785453864504,0.008687063583394817,False
Citi,2018,Q1,0.7167822586165534,-0.006990318396055162,False
Citi,2020,Q4,0.16656194189015558,-0.05759945455126778,True
Citi,2019,Q3,0.4813325583934784,0.1750304575185245,False
Citi,2022,Q4,0.40011316041151684,-0.23304866999983923,True
Citi,2023,Q2,0.07677345616476876,-0.10981608057132736,True
Citi,2021,Q4,0.34806858003139496,-0.05063577709339875,True
Citi,2020,Q1,0.07959343865513802,0.3197554150217758,False
Citi,2018,Q4,-0.08913676362288625,-0.1387096018119827,True
Citi,2021,Q2,0.08520677914986244,0.014844873274623034,False
Citi,2020,Q2,-0.2858022809028625,-0.14896525026958715,True
Citi,2018,Q2,0.5676675662398338,0.07492843811715874,True
Citi,2022,Q2,0.4573355366786321,-0.08666510398585683,True
Citi,2024,Q2,0.4286874094430138,-0.015208688121016875,True
Citi,2019,Q2,0.08155852556228638,-0.010712367268202003,True
Citi,2022,Q3,0.2269021451473236,0.07503344852022276,False
Citi,2023,Q1,0.5458274135986964,0.0018729677521080452,True
Citi,2017,Q4,0.6373174985249838,0.13482877491361211,True
Citi,2021,Q1,0.17306548898870294,-0.04068085578283829,True
Shell,2023,Q4,0.9094224146434239,0.10955798584671485,True
Shell,2022,Q4,0.6951767355203629,0.3635071883575488,True
Shell,2023,Q3,0.5098955035209656,-0.003967219212642098,False
Shell,2024,Q1,0.840390274922053,0.043160139898626375,True
Shell,2022,Q2,0.664686252673467,0.056917807176949435,True
Shell,2023,Q1,0.942681630452474,-0.032963501406231326,False
Shell,2024,Q2,0.8586450616518656,-0.15162687662686594,False
Marriott,2021,Q4,0.29810001850128176,0.4142018536641456,False
Marriott,2018,Q3,0.48327240844567615,-0.16152146309053786,True
Marriott,2023,Q4,0.8043710649013519,0.7293849499452261,True
Marriott,2020,Q2,0.09982843697071075,0.07619493038540404,False
Marriott,2018,Q2,0.5364882230758667,0.04722832386116667,True
Marriott,2020,Q1,0.7148967484633127,0.2523497225793103,True
Marriott,2019,Q2,0.3646265392502149,-0.1417176356245744,True
Marriott,2019,Q1,0.29917047704969135,0.10489623683946206,False
Marriott,2022,Q3,0.5222582925449718,0.06009885749170485,True
Marriott,2019,Q3,0.41276901298099095,0.23508948602689936,False
Marriott,2020,Q4,-0.004136395454406738,-0.017596150280032835,True
Marriott,2018,Q4,0.3377593805392583,-0.05033494753118866,True
Marriott,2024,Q2,0.7305275822679201,0.05949816827201865,True
Marriott,2023,Q3,0.8581081554293633,0.16685448818950996,True
Marriott,2022,Q4,0.658410620689392,0.0008935531479880305,True
Marriott,2024,Q1,0.690246008336544,-0.03546459025502187,False
Marriott,2022,Q2,0.3971847461329566,0.011381253282824263,False
Marriott,2023,Q2,0.6567593872547149,0.06962719069748056,True
Marriott,2018,Q1,0.8130416870117188,-0.038610838318888924,False
Marriott,2023,Q1,0.7353582948446273,0.10563059222750149,True
Marriott,2022,Q1,0.504601760705312,-0.20553081602245507,False
Marriott,2020,Q3,0.022387351592381796,0.3828296832426828,False
Marriott,2021,Q2,0.3384296514771201,0.09099428251604816,False
Marriott,2021,Q3,0.09429545487676348,0.0569980421311265,False
Marriott,2019,Q4,0.3798676073551178,-0.2782325058437673,True
Marriott,2017,Q4,0.04193181693553925,0.6729540139827208,False
Marriott,2021,Q1,0.15801860392093658,-0.08949858072746684,True
Walt Disney,2023,Q3,0.47331591085954144,0.10914978846591847,False
Walt Disney,2020,Q4,0.1775282397866249,0.25188948226757896,False
Walt Disney,2018,Q3,0.5980906060763768,-0.06974964503687922,False
Walt Disney,2018,Q2,0.1838508347670237,0.11914935659865836,False
Walt Disney,2024,Q1,0.7318816672671925,-0.18300002151996542,False
Walt Disney,2020,Q1,0.16025221347808838,0.17488425442209152,False
Walt Disney,2023,Q1,0.31582415103912354,-0.10836005695856273,True
Walt Disney,2019,Q3,0.13787483175595602,0.11641355128144022,False
Walt Disney,2018,Q4,0.05985726118087768,0.008860766403252387,False
Walt Disney,2021,Q3,0.37527576585610706,-0.11408445980060691,True
Walt Disney,2023,Q2,0.10969693958759308,-0.10441985179348283,True
Walt Disney,2023,Q4,0.48021497825781506,0.37977713673116903,False
Walt Disney,2018,Q1,-0.13932990431785583,0.06233529402237401,False
Walt Disney,2020,Q2,0.0369949991052801,0.10963623493329855,False
Walt Disney,2021,Q2,0.47856281020424585,-0.02583775175814055,True
Walt Disney,2024,Q3,0.7342576533555984,0.18331687494959303,True
Walt Disney,2019,Q4,0.19674478967984518,-0.07295893759842992,True
Walt Disney,2022,Q1,0.296523070997662,-0.301824755525054,True
Walt Disney,2021,Q1,0.1563426743854176,-0.07958937481548678,True
Walt Disney,2022,Q4,0.3310660156938765,-0.374202667176245,True
Walt Disney,2019,Q1,0.30897606412569684,0.24113413641052583,False
Walt Disney,2022,Q3,0.4078592583537102,-0.10552870841421041,True
Walt Disney,2020,Q3,0.11435731947422027,0.46922402326240603,False
Walt Disney,2022,Q2,0.08486935922077724,0.013625895089550786,False
Walt Disney,2024,Q2,0.432787261903286,-0.016187845860934656,True
Walt Disney,2019,Q2,0.7769092917442322,-0.07684545920145641,False
Loreal,2021,Q3,0.7504700223604838,0.1611117268639563,True
Loreal,2020,Q1,-0.05344343185424805,0.22288889698271935,False
Loreal,2018,Q1,0.746324360370636,0.17490095722838003,True
Loreal,2019,Q1,0.7961910009384155,0.05873924114985584,True
Loreal,2023,Q2,0.7132953359530523,-0.07165613089536044,False
Loreal,2021,Q1,0.7394793257117271,0.1973919901048179,True
Loreal,2022,Q4,0.7291143319091281,-0.034298757397782625,False
Loreal,2020,Q3,0.4290788024663925,0.10788817343059587,False
